Time,Sequence Number,Event
0,0,send
0,1000,send
0,2000,send
0,3000,send
0,4000,send
0,5000,send
0,6000,send
0,7000,send
0,8000,send
0,9000,send
0,0,transmit
0.0008,2000,transmit
0.0016,4000,transmit
0.0024,5000,transmit
0.0032,6000,transmit
1.0,0,send
2.0,0,send
3.0,0,send
3.0,0,transmit
3.0208,0,ack
3.0208,1000,send
3.0208,2000,send
3.0208,3000,send
3.0208,4000,send
3.0208,5000,send
3.0208,6000,send
3.0208,7000,send
3.0208,8000,send
3.0208,9000,send
3.0208,10000,send
3.0208,2000,transmit
3.0216,3000,transmit
3.0224,6000,transmit
3.0232,8000,transmit
3.024,9000,transmit
3.0448,0,ack
4.0448,1000,send
4.0448,1000,transmit
5.0448,1000,send
5.0448,1000,transmit
5.0656,6000,ack
5.0656,7000,send
5.0656,8000,send
5.0656,9000,send
5.0656,10000,send
5.0656,11000,send
5.0656,12000,send
5.0656,13000,send
5.0656,14000,send
5.0656,15000,send
5.0656,16000,send
5.0656,8000,transmit
5.0664,11000,transmit
5.0672,13000,transmit
5.068,15000,transmit
5.088,6000,ack
5.0888,6000,ack
6.0888,7000,send
7.0888,7000,send
7.0888,7000,transmit
7.1096,9000,ack
7.1096,10000,send
7.1096,11000,send
7.1096,12000,send
7.1096,13000,send
7.1096,14000,send
7.1096,15000,send
7.1096,16000,send
7.1096,17000,send
7.1096,18000,send
7.1096,19000,send
7.1096,10000,transmit
7.1104,11000,transmit
7.1112,12000,transmit
7.112,17000,transmit
7.1328,13000,ack
7.1328,20000,send
7.1328,21000,send
7.1328,22000,send
7.1328,23000,send
7.1328,20000,transmit
8.1328,14000,send
9.1328,14000,send
10.1328,14000,send
11.1328,14000,send
11.1328,14000,transmit
12.1328,14000,send
12.1328,14000,transmit
13.1328,14000,send
13.1328,14000,transmit
13.1536,15000,ack
13.1536,16000,send
13.1536,17000,send
13.1536,18000,send
13.1536,19000,send
13.1536,20000,send
13.1536,21000,send
13.1536,22000,send
13.1536,23000,send
13.1536,24000,send
13.1536,25000,send
13.1536,16000,transmit
13.1544,17000,transmit
13.1552,18000,transmit
13.156,23000,transmit
13.1568,24000,transmit
13.1576,25000,transmit
13.1744,17000,ack
13.1744,26000,send
13.1744,27000,send
13.1744,27000,transmit
13.176,18000,ack
13.176,28000,send
13.1784,18000,ack
13.1952,18000,ack
14.1952,19000,send
15.1952,19000,send
15.1952,19000,transmit
15.216,20000,ack
15.216,21000,send
15.216,22000,send
15.216,23000,send
15.216,24000,send
15.216,25000,send
15.216,26000,send
15.216,27000,send
15.216,28000,send
15.216,29000,send
15.216,30000,send
15.216,21000,transmit
15.2168,22000,transmit
15.2176,23000,transmit
15.2184,24000,transmit
15.2192,25000,transmit
15.22,26000,transmit
15.2208,27000,transmit
15.2216,28000,transmit
15.2224,30000,transmit
15.2368,21000,ack
15.2368,31000,send
15.2376,25000,ack
15.2376,32000,send
15.2376,33000,send
15.2376,34000,send
15.2376,35000,send
15.2376,32000,transmit
15.2384,33000,transmit
15.2392,35000,transmit
15.24,25000,ack
15.2584,28000,ack
15.2584,36000,send
15.2584,37000,send
15.2584,38000,send
15.2584,38000,transmit
15.2592,28000,ack
15.26,28000,ack
16.26,29000,send
17.26,29000,send
17.26,29000,transmit
18.26,29000,send
19.26,29000,send
19.26,29000,transmit
19.2808,30000,ack
19.2808,31000,send
19.2808,32000,send
19.2808,33000,send
19.2808,34000,send
19.2808,35000,send
19.2808,36000,send
19.2808,37000,send
19.2808,38000,send
19.2808,39000,send
19.2808,40000,send
19.2808,33000,transmit
19.2816,36000,transmit
19.2824,37000,transmit
19.2832,38000,transmit
19.284,39000,transmit
19.3016,30000,ack
19.3024,30000,ack
19.3032,30000,ack
20.3032,31000,send
21.3032,31000,send
22.3032,31000,send
23.3032,31000,send
24.3032,31000,send
24.3032,31000,transmit
25.3032,31000,send
26.3032,31000,send
26.3032,31000,transmit
26.324,33000,ack
26.324,34000,send
26.324,35000,send
26.324,36000,send
26.324,37000,send
26.324,38000,send
26.324,39000,send
26.324,40000,send
26.324,41000,send
26.324,42000,send
26.324,43000,send
26.324,35000,transmit
26.3248,38000,transmit
26.3256,39000,transmit
26.3264,40000,transmit
26.3272,41000,transmit
26.328,42000,transmit
26.3288,43000,transmit
26.3464,33000,ack
26.3472,33000,ack
26.3496,33000,ack
27.3496,34000,send
27.3496,34000,transmit
28.3496,34000,send
29.3496,34000,send
29.3496,34000,transmit
29.3704,43000,ack
29.3704,44000,send
29.3704,45000,send
29.3704,46000,send
29.3704,47000,send
29.3704,48000,send
29.3704,49000,send
29.3704,50000,send
29.3704,51000,send
29.3704,52000,send
29.3704,53000,send
29.3704,45000,transmit
29.3712,47000,transmit
29.372,49000,transmit
29.3728,51000,transmit
29.3736,52000,transmit
29.3744,53000,transmit
29.392,43000,ack
29.3936,43000,ack
29.3952,43000,ack
30.3952,44000,send
30.3952,44000,transmit
31.3952,44000,send
31.3952,44000,transmit
32.3952,44000,send
32.3952,44000,transmit
33.3952,44000,send
33.3952,44000,transmit
33.416,45000,ack
33.416,46000,send
33.416,47000,send
33.416,48000,send
33.416,49000,send
33.416,50000,send
33.416,51000,send
33.416,52000,send
33.416,53000,send
33.416,54000,send
33.416,55000,send
33.416,48000,transmit
33.4168,49000,transmit
33.4176,50000,transmit
33.4184,51000,transmit
33.4192,52000,transmit
33.42,53000,transmit
33.4208,55000,transmit
33.4392,45000,ack
33.44,45000,ack
33.4408,45000,ack
34.4408,46000,send
35.4408,46000,send
35.4408,46000,transmit
35.4616,53000,ack
35.4616,54000,send
35.4616,55000,send
35.4616,56000,send
35.4616,57000,send
35.4616,58000,send
35.4616,59000,send
35.4616,60000,send
35.4616,61000,send
35.4616,62000,send
35.4616,63000,send
35.4616,56000,transmit
35.4624,60000,transmit
35.4632,61000,transmit
35.464,62000,transmit
35.4824,53000,ack
35.4832,53000,ack
35.484,53000,ack
36.484,54000,send
36.484,54000,transmit
36.5048,56000,ack
36.5048,57000,send
36.5048,58000,send
36.5048,59000,send
36.5048,60000,send
36.5048,61000,send
36.5048,62000,send
36.5048,63000,send
36.5048,64000,send
36.5048,65000,send
36.5048,66000,send
36.5048,57000,transmit
36.5056,58000,transmit
36.5064,60000,transmit
36.5072,61000,transmit
36.508,62000,transmit
36.5088,63000,transmit
36.5096,65000,transmit
36.5104,66000,transmit
36.5264,58000,ack
36.5264,67000,send
36.5264,68000,send
36.5264,67000,transmit
36.5272,68000,transmit
36.528,58000,ack
36.5288,58000,ack
36.5304,58000,ack
36.5312,58000,ack
36.5472,58000,ack
36.548,58000,ack
37.548,59000,send
38.548,59000,send
39.548,59000,send
39.548,59000,transmit
39.5688,63000,ack
39.5688,64000,send
39.5688,65000,send
39.5688,66000,send
39.5688,67000,send
39.5688,68000,send
39.5688,69000,send
39.5688,70000,send
39.5688,71000,send
39.5688,72000,send
39.5688,73000,send
39.5688,64000,transmit
39.5696,67000,transmit
39.5704,71000,transmit
39.5712,73000,transmit
39.5904,68000,ack
39.5904,74000,send
39.5904,75000,send
39.5904,76000,send
39.5904,77000,send
39.5904,78000,send
39.5904,74000,transmit
39.5912,68000,ack
39.5912,76000,transmit
39.592,68000,ack
39.592,78000,transmit
39.612,68000,ack
39.6128,68000,ack
40.6128,69000,send
41.6128,69000,send
41.6128,69000,transmit
42.6128,69000,send
42.6128,69000,transmit
43.6128,69000,send
43.6128,69000,transmit
44.6128,69000,send
45.6128,69000,send
46.6128,69000,send
46.6128,69000,transmit
46.6336,69000,ack
46.6336,70000,send
46.6336,71000,send
46.6336,72000,send
46.6336,73000,send
46.6336,74000,send
46.6336,75000,send
46.6336,76000,send
46.6336,77000,send
46.6336,78000,send
46.6336,79000,send
46.6336,71000,transmit
46.6344,73000,transmit
46.6352,75000,transmit
46.636,76000,transmit
46.6368,77000,transmit
46.6376,78000,transmit
46.6544,69000,ack
46.6568,69000,ack
46.6576,69000,ack
46.6584,69000,ack
47.6584,70000,send
47.6584,70000,transmit
47.6792,71000,ack
47.6792,72000,send
47.6792,73000,send
47.6792,74000,send
47.6792,75000,send
47.6792,76000,send
47.6792,77000,send
47.6792,78000,send
47.6792,79000,send
47.6792,80000,send
47.6792,81000,send
47.6792,73000,transmit
47.68,74000,transmit
47.6808,75000,transmit
47.6816,77000,transmit
47.6824,79000,transmit
47.6832,81000,transmit
47.7008,71000,ack
47.7024,71000,ack
47.7032,71000,ack
48.7032,72000,send
49.7032,72000,send
50.7032,72000,send
50.7032,72000,transmit
51.7032,72000,send
52.7032,72000,send
53.7032,72000,send
53.7032,72000,transmit
54.7032,72000,send
55.7032,72000,send
56.7032,72000,send
57.7032,72000,send
57.7032,72000,transmit
58.7032,72000,send
59.7032,72000,send
60.7032,72000,send
60.7032,72000,transmit
61.7032,72000,send
61.7032,72000,transmit
62.7032,72000,send
63.7032,72000,send
63.7032,72000,transmit
64.7032,72000,send
65.7032,72000,send
66.7032,72000,send
66.7032,72000,transmit
66.724,79000,ack
66.724,80000,send
66.724,81000,send
66.724,82000,send
66.724,83000,send
66.724,84000,send
66.724,85000,send
66.724,86000,send
66.724,87000,send
66.724,88000,send
66.724,89000,send
66.724,83000,transmit
66.7248,84000,transmit
66.7256,85000,transmit
66.7264,86000,transmit
66.7272,87000,transmit
66.728,88000,transmit
66.7448,79000,ack
66.7456,79000,ack
66.7464,79000,ack
66.7472,79000,ack
67.7472,80000,send
67.7472,80000,transmit
68.7472,80000,send
68.7472,80000,transmit
68.768,81000,ack
68.768,82000,send
68.768,83000,send
68.768,84000,send
68.768,85000,send
68.768,86000,send
68.768,87000,send
68.768,88000,send
68.768,89000,send
68.768,90000,send
68.768,91000,send
68.768,83000,transmit
68.7688,84000,transmit
68.7696,85000,transmit
68.7704,88000,transmit
68.7712,90000,transmit
68.772,91000,transmit
68.7888,81000,ack
68.7896,81000,ack
68.7904,81000,ack
68.792,81000,ack
69.792,82000,send
70.792,82000,send
71.792,82000,send
72.792,82000,send
73.792,82000,send
73.792,82000,transmit
73.8128,88000,ack
73.8128,89000,send
73.8128,90000,send
73.8128,91000,send
73.8128,92000,send
73.8128,93000,send
73.8128,94000,send
73.8128,95000,send
73.8128,96000,send
73.8128,97000,send
73.8128,98000,send
73.8128,90000,transmit
73.8136,92000,transmit
73.8144,93000,transmit
73.8152,95000,transmit
73.8344,88000,ack
73.8352,88000,ack
73.836,88000,ack
74.836,89000,send
74.836,89000,transmit
74.8568,93000,ack
74.8568,94000,send
74.8568,95000,send
74.8568,96000,send
74.8568,97000,send
74.8568,98000,send
74.8568,99000,send
74.8568,100000,send
74.8568,101000,send
74.8568,102000,send
74.8568,103000,send
74.8568,94000,transmit
74.8576,97000,transmit
74.8584,99000,transmit
75.8568,94000,send
75.8568,94000,transmit
75.8776,95000,ack
75.8776,96000,send
75.8776,97000,send
75.8776,98000,send
75.8776,99000,send
75.8776,100000,send
75.8776,101000,send
75.8776,102000,send
75.8776,103000,send
75.8776,104000,send
75.8776,105000,send
75.8776,96000,transmit
75.8784,100000,transmit
75.8792,101000,transmit
75.88,102000,transmit
75.8808,105000,transmit
75.8984,97000,ack
75.8984,106000,send
75.8984,107000,send
75.8984,106000,transmit
75.8992,97000,ack
75.8992,107000,transmit
75.9192,97000,ack
75.92,97000,ack
76.92,98000,send
77.92,98000,send
77.92,98000,transmit
77.9408,102000,ack
77.9408,103000,send
77.9408,104000,send
77.9408,105000,send
77.9408,106000,send
77.9408,107000,send
77.9408,108000,send
77.9408,109000,send
77.9408,110000,send
77.9408,111000,send
77.9408,112000,send
77.9408,104000,transmit
77.9416,108000,transmit
77.9424,111000,transmit
77.9432,112000,transmit
77.9616,102000,ack
77.9624,102000,ack
77.964,102000,ack
78.964,103000,send
79.964,103000,send
80.964,103000,send
81.964,103000,send
82.964,103000,send
83.964,103000,send
84.964,103000,send
85.964,103000,send
85.964,103000,transmit
86.964,103000,send
86.964,103000,transmit
87.964,103000,send
88.964,103000,send
88.964,103000,transmit
88.9848,108000,ack
88.9848,109000,send
88.9848,110000,send
88.9848,111000,send
88.9848,112000,send
88.9848,113000,send
88.9848,114000,send
88.9848,115000,send
88.9848,116000,send
88.9848,117000,send
88.9848,118000,send
88.9848,109000,transmit
88.9856,110000,transmit
88.9864,114000,transmit
88.9872,115000,transmit
88.988,117000,transmit
88.9888,118000,transmit
89.0056,109000,ack
89.0056,119000,send
89.0056,119000,transmit
89.008,112000,ack
89.008,120000,send
89.008,121000,send
89.008,122000,send
89.0088,112000,ack
89.0264,112000,ack
90.0264,113000,send
90.0264,113000,transmit
90.0472,115000,ack
90.0472,116000,send
90.0472,117000,send
90.0472,118000,send
90.0472,119000,send
90.0472,120000,send
90.0472,121000,send
90.0472,122000,send
90.0472,123000,send
90.0472,124000,send
90.0472,125000,send
90.0472,117000,transmit
90.048,118000,transmit
90.0488,119000,transmit
90.0496,120000,transmit
90.0504,123000,transmit
90.0688,115000,ack
91.0688,116000,send
91.0688,116000,transmit
92.0688,116000,send
93.0688,116000,send
94.0688,116000,send
95.0688,116000,send
95.0688,116000,transmit
96.0688,116000,send
96.0688,116000,transmit
97.0688,116000,send
97.0688,116000,transmit
98.0688,116000,send
98.0688,116000,transmit
99.0688,116000,send
100.0688,116000,send
100.0688,116000,transmit
101.0688,116000,send
101.0688,116000,transmit
101.0896,120000,ack
101.0896,121000,send
101.0896,122000,send
101.0896,123000,send
101.0896,124000,send
101.0896,125000,send
101.0896,126000,send
101.0896,127000,send
101.0896,128000,send
101.0896,129000,send
101.0896,130000,send
101.0896,124000,transmit
101.0904,126000,transmit
101.0912,127000,transmit
101.092,130000,transmit
101.1104,120000,ack
101.1112,120000,ack
101.1128,120000,ack
102.1128,121000,send
103.1128,121000,send
104.1128,121000,send
104.1128,121000,transmit
105.1128,121000,send
106.1128,121000,send
107.1128,121000,send
108.1128,121000,send
108.1128,121000,transmit
109.1128,121000,send
109.1128,121000,transmit
109.1336,121000,ack
109.1336,122000,send
109.1336,123000,send
109.1336,124000,send
109.1336,125000,send
109.1336,126000,send
109.1336,127000,send
109.1336,128000,send
109.1336,129000,send
109.1336,130000,send
109.1336,131000,send
109.1336,123000,transmit
109.1344,124000,transmit
109.1352,125000,transmit
109.136,126000,transmit
109.1368,130000,transmit
109.1376,131000,transmit
109.1544,121000,ack
109.1568,121000,ack
109.1584,121000,ack
110.1584,122000,send
110.1584,122000,transmit
110.1792,127000,ack
110.1792,128000,send
110.1792,129000,send
110.1792,130000,send
110.1792,131000,send
110.1792,132000,send
110.1792,133000,send
110.1792,134000,send
110.1792,135000,send
110.1792,136000,send
110.1792,137000,send
110.1792,128000,transmit
110.18,129000,transmit
110.1808,130000,transmit
110.1816,132000,transmit
110.1824,133000,transmit
110.1832,135000,transmit
110.184,136000,transmit
110.2008,131000,ack
110.2008,138000,send
110.2008,139000,send
110.2008,140000,send
110.2008,141000,send
110.2008,139000,transmit
110.2016,140000,transmit
110.2024,141000,transmit
110.204,133000,ack
110.204,142000,send
110.204,143000,send
110.204,142000,transmit
110.2216,133000,ack
111.2216,134000,send
111.2216,134000,transmit
111.2424,136000,ack
111.2424,137000,send
111.2424,138000,send
111.2424,139000,send
111.2424,140000,send
111.2424,141000,send
111.2424,142000,send
111.2424,143000,send
111.2424,144000,send
111.2424,145000,send
111.2424,146000,send
111.2424,140000,transmit
111.2432,141000,transmit
111.244,142000,transmit
111.2448,143000,transmit
111.2456,144000,transmit
111.2464,145000,transmit
111.2472,146000,transmit
111.264,136000,ack
111.2656,136000,ack
111.2664,136000,ack
111.2672,136000,ack
111.268,136000,ack
112.268,137000,send
113.268,137000,send
113.268,137000,transmit
114.268,137000,send
114.268,137000,transmit
114.2888,137000,ack
114.2888,138000,send
114.2888,139000,send
114.2888,140000,send
114.2888,141000,send
114.2888,142000,send
114.2888,143000,send
114.2888,144000,send
114.2888,145000,send
114.2888,146000,send
114.2888,147000,send
114.2888,138000,transmit
114.2896,139000,transmit
114.2904,140000,transmit
114.2912,141000,transmit
114.292,143000,transmit
114.2928,144000,transmit
114.2936,146000,transmit
114.2944,147000,transmit
114.3104,146000,ack
114.3104,148000,send
114.3104,149000,send
114.3104,150000,send
114.3104,151000,send
114.3104,152000,send
114.3104,153000,send
114.3104,154000,send
114.3104,155000,send
114.3104,156000,send
114.3104,148000,transmit
114.3112,152000,transmit
114.312,146000,ack
114.312,153000,transmit
114.3152,147000,ack
114.3152,157000,send
114.3152,157000,transmit
114.3312,148000,ack
114.3312,158000,send
114.332,148000,ack
115.332,149000,send
116.332,149000,send
116.332,149000,transmit
116.3528,149000,ack
116.3528,150000,send
116.3528,151000,send
116.3528,152000,send
116.3528,153000,send
116.3528,154000,send
116.3528,155000,send
116.3528,156000,send
116.3528,157000,send
116.3528,158000,send
116.3528,159000,send
116.3528,153000,transmit
116.3536,156000,transmit
116.3736,149000,ack
117.3736,150000,send
118.3736,150000,send
118.3736,150000,transmit
118.3944,150000,ack
118.3944,151000,send
118.3944,152000,send
118.3944,153000,send
118.3944,154000,send
118.3944,155000,send
118.3944,156000,send
118.3944,157000,send
118.3944,158000,send
118.3944,159000,send
118.3944,160000,send
118.3944,153000,transmit
118.3952,155000,transmit
118.396,158000,transmit
119.3944,151000,send
119.3944,151000,transmit
120.3944,151000,send
121.3944,151000,send
122.3944,151000,send
123.3944,151000,send
123.3944,151000,transmit
123.4152,153000,ack
123.4152,154000,send
123.4152,155000,send
123.4152,156000,send
123.4152,157000,send
123.4152,158000,send
123.4152,159000,send
123.4152,160000,send
123.4152,161000,send
123.4152,162000,send
123.4152,163000,send
123.4152,156000,transmit
123.416,157000,transmit
123.4168,158000,transmit
123.4176,159000,transmit
123.4184,160000,transmit
123.4192,163000,transmit
123.4384,153000,ack
123.4392,153000,ack
123.44,153000,ack
124.44,154000,send
125.44,154000,send
126.44,154000,send
127.44,154000,send
127.44,154000,transmit
127.4608,160000,ack
127.4608,161000,send
127.4608,162000,send
127.4608,163000,send
127.4608,164000,send
127.4608,165000,send
127.4608,166000,send
127.4608,167000,send
127.4608,168000,send
127.4608,169000,send
127.4608,170000,send
127.4608,161000,transmit
127.4616,163000,transmit
127.4624,164000,transmit
127.4632,169000,transmit
128.4608,161000,send
129.4608,161000,send
129.4608,161000,transmit
129.4816,161000,ack
129.4816,162000,send
129.4816,163000,send
129.4816,164000,send
129.4816,165000,send
129.4816,166000,send
129.4816,167000,send
129.4816,168000,send
129.4816,169000,send
129.4816,170000,send
129.4816,171000,send
129.4816,162000,transmit
129.4824,163000,transmit
129.4832,164000,transmit
129.484,166000,transmit
129.4848,169000,transmit
129.504,164000,ack
129.504,172000,send
129.504,173000,send
129.504,174000,send
129.5048,164000,ack
130.5048,165000,send
130.5048,165000,transmit
131.5048,165000,send
132.5048,165000,send
132.5048,165000,transmit
132.5256,166000,ack
132.5256,167000,send
132.5256,168000,send
132.5256,169000,send
132.5256,170000,send
132.5256,171000,send
132.5256,172000,send
132.5256,173000,send
132.5256,174000,send
132.5256,175000,send
132.5256,176000,send
132.5256,168000,transmit
132.5264,169000,transmit
132.5272,170000,transmit
132.528,171000,transmit
132.5288,172000,transmit
132.5296,173000,transmit
132.5304,174000,transmit
132.5312,175000,transmit
132.5472,166000,ack
132.548,166000,ack
132.5488,166000,ack
132.5504,166000,ack
132.5512,166000,ack
133.5512,167000,send
133.5512,167000,transmit
133.572,175000,ack
133.572,176000,send
133.572,177000,send
133.572,178000,send
133.572,179000,send
133.572,180000,send
133.572,181000,send
133.572,182000,send
133.572,183000,send
133.572,184000,send
133.572,185000,send
133.572,177000,transmit
133.5728,180000,transmit
133.5736,185000,transmit
133.5944,175000,ack
134.5944,176000,send
134.5944,176000,transmit
135.5944,176000,send
135.5944,176000,transmit
135.6152,177000,ack
135.6152,178000,send
135.6152,179000,send
135.6152,180000,send
135.6152,181000,send
135.6152,182000,send
135.6152,183000,send
135.6152,184000,send
135.6152,185000,send
135.6152,186000,send
135.6152,187000,send
135.6152,179000,transmit
135.616,180000,transmit
135.6168,182000,transmit
135.6176,185000,transmit
135.6184,186000,transmit
135.6384,177000,ack
136.6384,178000,send
136.6384,178000,transmit
136.6592,180000,ack
136.6592,181000,send
136.6592,182000,send
136.6592,183000,send
136.6592,184000,send
136.6592,185000,send
136.6592,186000,send
136.6592,187000,send
136.6592,188000,send
136.6592,189000,send
136.6592,190000,send
136.6592,181000,transmit
136.66,182000,transmit
136.6608,183000,transmit
136.6616,185000,transmit
136.6624,186000,transmit
136.6808,182000,ack
136.6808,191000,send
136.6808,192000,send
136.6816,183000,ack
136.6816,193000,send
136.6816,193000,transmit
136.7024,183000,ack
137.7024,184000,send
137.7024,184000,transmit
138.7024,184000,send
139.7024,184000,send
139.7024,184000,transmit
139.7232,186000,ack
139.7232,187000,send
139.7232,188000,send
139.7232,189000,send
139.7232,190000,send
139.7232,191000,send
139.7232,192000,send
139.7232,193000,send
139.7232,194000,send
139.7232,195000,send
139.7232,196000,send
139.7232,188000,transmit
139.724,189000,transmit
139.7248,191000,transmit
139.7256,193000,transmit
139.7264,194000,transmit
139.7272,195000,transmit
139.728,196000,transmit
139.7472,186000,ack
139.7488,186000,ack
140.7488,187000,send
140.7488,187000,transmit
140.7696,189000,ack
140.7696,190000,send
140.7696,191000,send
140.7696,192000,send
140.7696,193000,send
140.7696,194000,send
140.7696,195000,send
140.7696,196000,send
140.7696,197000,send
140.7696,198000,send
140.7696,199000,send
140.7696,192000,transmit
140.7704,193000,transmit
140.7712,194000,transmit
140.772,195000,transmit
140.7728,196000,transmit
140.7736,197000,transmit
140.7744,198000,transmit
140.7904,189000,ack
140.7912,189000,ack
140.7944,189000,ack
140.7952,189000,ack
141.7952,190000,send
141.7952,190000,transmit
142.7952,190000,send
142.7952,190000,transmit
143.7952,190000,send
143.7952,190000,transmit
143.816,198000,ack
143.816,199000,send
143.816,200000,send
143.816,201000,send
143.816,202000,send
143.816,203000,send
143.816,204000,send
143.816,205000,send
143.816,206000,send
143.816,207000,send
143.816,208000,send
143.816,200000,transmit
143.8168,204000,transmit
143.8176,208000,transmit
144.816,199000,send
144.816,199000,transmit
144.8368,200000,ack
144.8368,201000,send
144.8368,202000,send
144.8368,203000,send
144.8368,204000,send
144.8368,205000,send
144.8368,206000,send
144.8368,207000,send
144.8368,208000,send
144.8368,209000,send
144.8368,210000,send
144.8368,201000,transmit
144.8376,202000,transmit
144.8384,203000,transmit
144.8392,205000,transmit
144.84,206000,transmit
144.8408,207000,transmit
144.8416,208000,transmit
144.8424,209000,transmit
144.8432,210000,transmit
144.8576,201000,ack
144.8576,211000,send
144.8576,211000,transmit
144.8584,202000,ack
144.8584,212000,send
144.8592,204000,ack
144.8592,213000,send
144.8592,214000,send
144.8592,213000,transmit
144.86,214000,transmit
144.8616,208000,ack
144.8616,215000,send
144.8616,216000,send
144.8616,217000,send
144.8616,218000,send
144.8616,215000,transmit
144.8624,208000,ack
144.8624,216000,transmit
144.8632,209000,ack
144.8632,219000,send
144.8632,218000,transmit
144.864,210000,ack
144.864,220000,send
144.864,219000,transmit
144.8648,220000,transmit
144.88,211000,ack
144.88,221000,send
144.8808,211000,ack
144.8832,211000,ack
144.8856,211000,ack
145.8856,212000,send
145.8856,212000,transmit
146.8856,212000,send
147.8856,212000,send
148.8856,212000,send
148.8856,212000,transmit
149.8856,212000,send
149.8856,212000,transmit
150.8856,212000,send
150.8856,212000,transmit
150.9064,216000,ack
150.9064,217000,send
150.9064,218000,send
150.9064,219000,send
150.9064,220000,send
150.9064,221000,send
150.9064,222000,send
150.9064,223000,send
150.9064,224000,send
150.9064,225000,send
150.9064,226000,send
150.9064,218000,transmit
150.9072,219000,transmit
150.908,220000,transmit
150.9088,221000,transmit
150.9096,224000,transmit
150.9272,216000,ack
151.9272,217000,send
152.9272,217000,send
153.9272,217000,send
154.9272,217000,send
155.9272,217000,send
156.9272,217000,send
156.9272,217000,transmit
157.9272,217000,send
157.9272,217000,transmit
158.9272,217000,send
159.9272,217000,send
160.9272,217000,send
161.9272,217000,send
161.9272,217000,transmit
162.9272,217000,send
163.9272,217000,send
163.9272,217000,transmit
164.9272,217000,send
164.9272,217000,transmit
165.9272,217000,send
166.9272,217000,send
166.9272,217000,transmit
167.9272,217000,send
168.9272,217000,send
169.9272,217000,send
170.9272,217000,send
170.9272,217000,transmit
170.948,221000,ack
170.948,222000,send
170.948,223000,send
170.948,224000,send
170.948,225000,send
170.948,226000,send
170.948,227000,send
170.948,228000,send
170.948,229000,send
170.948,230000,send
170.948,231000,send
170.948,222000,transmit
170.9488,227000,transmit
170.9496,228000,transmit
170.9504,229000,transmit
170.9512,231000,transmit
170.9696,222000,ack
170.9696,232000,send
170.9696,232000,transmit
170.9712,222000,ack
171.9712,223000,send
172.9712,223000,send
172.9712,223000,transmit
172.992,224000,ack
172.992,225000,send
172.992,226000,send
172.992,227000,send
172.992,228000,send
172.992,229000,send
172.992,230000,send
172.992,231000,send
172.992,232000,send
172.992,233000,send
172.992,234000,send
172.992,225000,transmit
172.9928,228000,transmit
172.9936,233000,transmit
172.9944,234000,transmit
173.0136,225000,ack
173.0136,235000,send
173.0152,225000,ack
174.0152,226000,send
175.0152,226000,send
175.0152,226000,transmit
175.036,229000,ack
175.036,230000,send
175.036,231000,send
175.036,232000,send
175.036,233000,send
175.036,234000,send
175.036,235000,send
175.036,236000,send
175.036,237000,send
175.036,238000,send
175.036,239000,send
175.036,230000,transmit
175.0368,233000,transmit
175.0376,234000,transmit
175.0384,236000,transmit
175.0392,238000,transmit
175.0576,234000,ack
175.0576,240000,send
175.0576,241000,send
175.0576,242000,send
175.0576,243000,send
175.0576,244000,send
175.0576,240000,transmit
175.0584,234000,ack
175.0584,241000,transmit
175.0592,242000,transmit
175.06,234000,ack
175.06,243000,transmit
175.0608,244000,transmit
175.0792,234000,ack
175.08,234000,ack
175.0808,234000,ack
176.0808,235000,send
177.0808,235000,send
177.0808,235000,transmit
178.0808,235000,send
178.0808,235000,transmit
179.0808,235000,send
180.0808,235000,send
181.0808,235000,send
182.0808,235000,send
182.0808,235000,transmit
182.1016,236000,ack
182.1016,237000,send
182.1016,238000,send
182.1016,239000,send
182.1016,240000,send
182.1016,241000,send
182.1016,242000,send
182.1016,243000,send
182.1016,244000,send
182.1016,245000,send
182.1016,246000,send
182.1016,237000,transmit
182.1024,238000,transmit
182.1032,241000,transmit
182.104,243000,transmit
182.1048,244000,transmit
182.1056,245000,transmit
182.1224,238000,ack
182.1224,247000,send
182.1224,248000,send
182.1224,247000,transmit
182.124,238000,ack
182.1256,238000,ack
182.1264,238000,ack
182.1432,238000,ack
183.1432,239000,send
184.1432,239000,send
184.1432,239000,transmit
185.1432,239000,send
186.1432,239000,send
186.1432,239000,transmit
187.1432,239000,send
187.1432,239000,transmit
187.164,245000,ack
187.164,246000,send
187.164,247000,send
187.164,248000,send
187.164,249000,send
187.164,250000,send
187.164,251000,send
187.164,252000,send
187.164,253000,send
187.164,254000,send
187.164,255000,send
187.164,247000,transmit
187.1648,248000,transmit
187.1656,249000,transmit
187.1664,250000,transmit
187.1672,251000,transmit
187.168,252000,transmit
187.1688,253000,transmit
187.1696,254000,transmit
187.1864,245000,ack
187.1872,245000,ack
187.1888,245000,ack
187.1904,245000,ack
188.1904,246000,send
189.1904,246000,send
189.1904,246000,transmit
189.2112,254000,ack
189.2112,255000,send
189.2112,256000,send
189.2112,257000,send
189.2112,258000,send
189.2112,259000,send
189.2112,260000,send
189.2112,261000,send
189.2112,262000,send
189.2112,263000,send
189.2112,264000,send
189.2112,258000,transmit
189.212,260000,transmit
189.2128,261000,transmit
189.2136,262000,transmit
189.2144,263000,transmit
189.2152,264000,transmit
189.232,254000,ack
189.2344,254000,ack
189.2352,254000,ack
189.236,254000,ack
190.236,255000,send
190.236,255000,transmit
191.236,255000,send
192.236,255000,send
192.236,255000,transmit
192.2568,255000,ack
192.2568,256000,send
192.2568,257000,send
192.2568,258000,send
192.2568,259000,send
192.2568,260000,send
192.2568,261000,send
192.2568,262000,send
192.2568,263000,send
192.2568,264000,send
192.2568,265000,send
192.2568,257000,transmit
192.2576,258000,transmit
192.2584,259000,transmit
192.2592,261000,transmit
192.26,263000,transmit
192.2608,265000,transmit
192.2776,255000,ack
192.2808,255000,ack
192.2816,255000,ack
193.2816,256000,send
194.2816,256000,send
195.2816,256000,send
196.2816,256000,send
196.2816,256000,transmit
197.2816,256000,send
198.2816,256000,send
199.2816,256000,send
199.2816,256000,transmit
200.2816,256000,send
201.2816,256000,send
201.2816,256000,transmit
201.3024,265000,ack
201.3024,266000,send
201.3024,267000,send
201.3024,268000,send
201.3024,269000,send
201.3024,270000,send
201.3024,271000,send
201.3024,272000,send
201.3024,273000,send
201.3024,274000,send
201.3024,275000,send
201.3024,268000,transmit
201.3032,269000,transmit
201.304,271000,transmit
201.3048,272000,transmit
201.3232,265000,ack
201.324,265000,ack
202.324,266000,send
202.324,266000,transmit
203.324,266000,send
204.324,266000,send
205.324,266000,send
206.324,266000,send
207.324,266000,send
208.324,266000,send
209.324,266000,send
210.324,266000,send
211.324,266000,send
211.324,266000,transmit
212.324,266000,send
212.324,266000,transmit
213.324,266000,send
213.324,266000,transmit
213.3448,266000,ack
213.3448,267000,send
213.3448,268000,send
213.3448,269000,send
213.3448,270000,send
213.3448,271000,send
213.3448,272000,send
213.3448,273000,send
213.3448,274000,send
213.3448,275000,send
213.3448,276000,send
213.3448,267000,transmit
213.3456,270000,transmit
213.3464,271000,transmit
213.3472,273000,transmit
213.3664,272000,ack
213.3664,277000,send
213.3664,278000,send
213.3664,279000,send
213.3664,280000,send
213.3664,281000,send
213.3664,282000,send
213.3664,277000,transmit
213.3672,272000,ack
213.3672,280000,transmit
213.368,273000,ack
213.368,283000,send
213.368,281000,transmit
213.3688,283000,transmit
213.388,273000,ack
213.3896,273000,ack
214.3896,274000,send
215.3896,274000,send
216.3896,274000,send
217.3896,274000,send
217.3896,274000,transmit
218.3896,274000,send
219.3896,274000,send
219.3896,274000,transmit
219.4104,274000,ack
219.4104,275000,send
219.4104,276000,send
219.4104,277000,send
219.4104,278000,send
219.4104,279000,send
219.4104,280000,send
219.4104,281000,send
219.4104,282000,send
219.4104,283000,send
219.4104,284000,send
219.4104,277000,transmit
219.4112,278000,transmit
219.412,280000,transmit
219.4128,281000,transmit
219.4136,283000,transmit
219.4312,274000,ack
219.4328,274000,ack
219.4336,274000,ack
219.4344,274000,ack
220.4344,275000,send
220.4344,275000,transmit
220.4552,275000,ack
220.4552,276000,send
220.4552,277000,send
220.4552,278000,send
220.4552,279000,send
220.4552,280000,send
220.4552,281000,send
220.4552,282000,send
220.4552,283000,send
220.4552,284000,send
220.4552,285000,send
220.4552,276000,transmit
220.456,278000,transmit
220.4568,280000,transmit
220.4576,281000,transmit
220.4584,283000,transmit
220.4592,284000,transmit
220.46,285000,transmit
220.4768,278000,ack
220.4768,286000,send
220.4768,287000,send
220.4768,288000,send
220.4768,286000,transmit
220.4776,278000,ack
220.4776,287000,transmit
220.4784,278000,ack
220.4976,278000,ack
220.4984,278000,ack
221.4984,279000,send
222.4984,279000,send
222.4984,279000,transmit
223.4984,279000,send
223.4984,279000,transmit
223.5192,281000,ack
223.5192,282000,send
223.5192,283000,send
223.5192,284000,send
223.5192,285000,send
223.5192,286000,send
223.5192,287000,send
223.5192,288000,send
223.5192,289000,send
223.5192,290000,send
223.5192,291000,send
223.5192,284000,transmit
223.52,287000,transmit
223.5208,288000,transmit
223.5216,289000,transmit
223.5224,290000,transmit
223.5232,291000,transmit
223.54,281000,ack
223.5424,281000,ack
223.544,281000,ack
224.544,282000,send
225.544,282000,send
226.544,282000,send
226.544,282000,transmit
226.5648,291000,ack
226.5648,292000,send
226.5648,293000,send
226.5648,294000,send
226.5648,295000,send
226.5648,296000,send
226.5648,297000,send
226.5648,298000,send
226.5648,299000,send
226.5648,300000,send
226.5648,301000,send
226.5648,292000,transmit
226.5656,295000,transmit
226.5664,296000,transmit
226.5672,297000,transmit
226.568,298000,transmit
226.5864,292000,ack
226.5864,302000,send
226.5864,302000,transmit
226.588,292000,ack
226.6072,292000,ack
227.6072,293000,send
228.6072,293000,send
228.6072,293000,transmit
229.6072,293000,send
230.6072,293000,send
230.6072,293000,transmit
230.628,293000,ack
230.628,294000,send
230.628,295000,send
230.628,296000,send
230.628,297000,send
230.628,298000,send
230.628,299000,send
230.628,300000,send
230.628,301000,send
230.628,302000,send
230.628,303000,send
230.628,297000,transmit
230.6288,298000,transmit
230.6296,299000,transmit
230.6304,300000,transmit
230.6312,301000,transmit
230.6504,293000,ack
230.652,293000,ack
231.652,294000,send
232.652,294000,send
233.652,294000,send
234.652,294000,send
234.652,294000,transmit
234.6728,302000,ack
234.6728,303000,send
234.6728,304000,send
234.6728,305000,send
234.6728,306000,send
234.6728,307000,send
234.6728,308000,send
234.6728,309000,send
234.6728,310000,send
234.6728,311000,send
234.6728,312000,send
234.6728,303000,transmit
234.6736,306000,transmit
234.6744,307000,transmit
234.6752,308000,transmit
234.676,309000,transmit
234.6768,310000,transmit
234.6944,303000,ack
234.6944,313000,send
234.6944,313000,transmit
234.696,303000,ack
234.6968,303000,ack
235.6968,304000,send
235.6968,304000,transmit
235.7176,304000,ack
235.7176,305000,send
235.7176,306000,send
235.7176,307000,send
235.7176,308000,send
235.7176,309000,send
235.7176,310000,send
235.7176,311000,send
235.7176,312000,send
235.7176,313000,send
235.7176,314000,send
235.7176,305000,transmit
235.7184,306000,transmit
235.7192,307000,transmit
235.72,308000,transmit
235.7208,313000,transmit
235.7216,314000,transmit
235.7416,310000,ack
235.7416,315000,send
235.7416,316000,send
235.7416,317000,send
235.7416,318000,send
235.7416,319000,send
235.7416,320000,send
235.7416,315000,transmit
235.7424,319000,transmit
235.7432,320000,transmit
235.7632,310000,ack
235.764,310000,ack
236.764,311000,send
237.764,311000,send
237.764,311000,transmit
238.764,311000,send
239.764,311000,send
240.764,311000,send
241.764,311000,send
241.764,311000,transmit
242.764,311000,send
242.764,311000,transmit
243.764,311000,send
244.764,311000,send
244.764,311000,transmit
244.7848,311000,ack
244.7848,312000,send
244.7848,313000,send
244.7848,314000,send
244.7848,315000,send
244.7848,316000,send
244.7848,317000,send
244.7848,318000,send
244.7848,319000,send
244.7848,320000,send
244.7848,321000,send
244.7848,313000,transmit
244.7856,314000,transmit
244.7864,315000,transmit
244.7872,317000,transmit
244.788,319000,transmit
244.7888,320000,transmit
244.8056,311000,ack
245.8056,312000,send
246.8056,312000,send
246.8056,312000,transmit
247.8056,312000,send
247.8056,312000,transmit
248.8056,312000,send
248.8056,312000,transmit
249.8056,312000,send
250.8056,312000,send
251.8056,312000,send
252.8056,312000,send
253.8056,312000,send
253.8056,312000,transmit
254.8056,312000,send
255.8056,312000,send
255.8056,312000,transmit
256.8056,312000,send
257.8056,312000,send
257.8056,312000,transmit
258.8056,312000,send
259.8056,312000,send
259.8056,312000,transmit
259.8264,315000,ack
259.8264,316000,send
259.8264,317000,send
259.8264,318000,send
259.8264,319000,send
259.8264,320000,send
259.8264,321000,send
259.8264,322000,send
259.8264,323000,send
259.8264,324000,send
259.8264,325000,send
259.8264,316000,transmit
259.8272,321000,transmit
259.828,322000,transmit
259.8288,325000,transmit
259.8472,317000,ack
259.8472,326000,send
259.8472,327000,send
259.8472,326000,transmit
259.848,317000,ack
259.8488,317000,ack
259.8496,317000,ack
259.868,317000,ack
260.868,318000,send
261.868,318000,send
262.868,318000,send
263.868,318000,send
263.868,318000,transmit
264.868,318000,send
265.868,318000,send
266.868,318000,send
266.868,318000,transmit
267.868,318000,send
268.868,318000,send
269.868,318000,send
269.868,318000,transmit
269.8888,322000,ack
269.8888,323000,send
269.8888,324000,send
269.8888,325000,send
269.8888,326000,send
269.8888,327000,send
269.8888,328000,send
269.8888,329000,send
269.8888,330000,send
269.8888,331000,send
269.8888,332000,send
269.8888,325000,transmit
269.8896,328000,transmit
269.8904,329000,transmit
269.8912,332000,transmit
269.912,322000,ack
270.912,323000,send
270.912,323000,transmit
271.912,323000,send
271.912,323000,transmit
272.912,323000,send
273.912,323000,send
274.912,323000,send
274.912,323000,transmit
275.912,323000,send
276.912,323000,send
277.912,323000,send
278.912,323000,send
279.912,323000,send
279.912,323000,transmit
279.9328,323000,ack
279.9328,324000,send
279.9328,325000,send
279.9328,326000,send
279.9328,327000,send
279.9328,328000,send
279.9328,329000,send
279.9328,330000,send
279.9328,331000,send
279.9328,332000,send
279.9328,333000,send
279.9328,329000,transmit
280.9328,324000,send
281.9328,324000,send
282.9328,324000,send
283.9328,324000,send
284.9328,324000,send
284.9328,324000,transmit
285.9328,324000,send
286.9328,324000,send
286.9328,324000,transmit
287.9328,324000,send
287.9328,324000,transmit
288.9328,324000,send
289.9328,324000,send
290.9328,324000,send
290.9328,324000,transmit
290.9536,326000,ack
290.9536,327000,send
290.9536,328000,send
290.9536,329000,send
290.9536,330000,send
290.9536,331000,send
290.9536,332000,send
290.9536,333000,send
290.9536,334000,send
290.9536,335000,send
290.9536,336000,send
290.9536,327000,transmit
290.9544,329000,transmit
290.9552,332000,transmit
290.956,334000,transmit
290.9568,335000,transmit
290.9576,336000,transmit
291.9536,327000,send
292.9536,327000,send
292.9536,327000,transmit
292.9744,329000,ack
292.9744,330000,send
292.9744,331000,send
292.9744,332000,send
292.9744,333000,send
292.9744,334000,send
292.9744,335000,send
292.9744,336000,send
292.9744,337000,send
292.9744,338000,send
292.9744,339000,send
292.9744,331000,transmit
292.9752,332000,transmit
292.976,333000,transmit
292.9768,334000,transmit
292.9776,335000,transmit
292.9784,338000,transmit
292.9792,339000,transmit
292.9952,329000,ack
292.9968,329000,ack
292.9976,329000,ack
292.9992,329000,ack
293.9992,330000,send
293.9992,330000,transmit
294.02,336000,ack
294.02,337000,send
294.02,338000,send
294.02,339000,send
294.02,340000,send
294.02,341000,send
294.02,342000,send
294.02,343000,send
294.02,344000,send
294.02,345000,send
294.02,346000,send
294.02,338000,transmit
294.0208,340000,transmit
294.0216,345000,transmit
294.0224,346000,transmit
294.0408,336000,ack
294.0416,336000,ack
294.0424,336000,ack
295.0424,337000,send
296.0424,337000,send
297.0424,337000,send
297.0424,337000,transmit
298.0424,337000,send
298.0424,337000,transmit
298.0632,340000,ack
298.0632,341000,send
298.0632,342000,send
298.0632,343000,send
298.0632,344000,send
298.0632,345000,send
298.0632,346000,send
298.0632,347000,send
298.0632,348000,send
298.0632,349000,send
298.0632,350000,send
298.0632,341000,transmit
298.064,345000,transmit
298.0648,348000,transmit
298.0856,341000,ack
298.0856,351000,send
299.0856,342000,send
299.0856,342000,transmit
300.0856,342000,send
300.0856,342000,transmit
300.1064,342000,ack
300.1064,343000,send
300.1064,344000,send
300.1064,345000,send
300.1064,346000,send
300.1064,347000,send
300.1064,348000,send
300.1064,349000,send
300.1064,350000,send
300.1064,351000,send
300.1064,352000,send
300.1064,346000,transmit
301.1064,343000,send
302.1064,343000,send
303.1064,343000,send
303.1064,343000,transmit
304.1064,343000,send
304.1064,343000,transmit
305.1064,343000,send
305.1064,343000,transmit
305.1272,343000,ack
305.1272,344000,send
305.1272,345000,send
305.1272,346000,send
305.1272,347000,send
305.1272,348000,send
305.1272,349000,send
305.1272,350000,send
305.1272,351000,send
305.1272,352000,send
305.1272,353000,send
305.1272,344000,transmit
305.128,348000,transmit
305.1288,349000,transmit
305.1296,352000,transmit
305.1496,346000,ack
305.1496,354000,send
305.1496,355000,send
305.1496,356000,send
305.1496,355000,transmit
305.1504,356000,transmit
306.1496,347000,send
306.1496,347000,transmit
306.1704,349000,ack
306.1704,350000,send
306.1704,351000,send
306.1704,352000,send
306.1704,353000,send
306.1704,354000,send
306.1704,355000,send
306.1704,356000,send
306.1704,357000,send
306.1704,358000,send
306.1704,359000,send
306.1704,352000,transmit
306.1712,353000,transmit
306.172,354000,transmit
306.1728,355000,transmit
306.1736,356000,transmit
306.1912,349000,ack
306.192,349000,ack
306.1936,349000,ack
307.1936,350000,send
308.1936,350000,send
308.1936,350000,transmit
309.1936,350000,send
309.1936,350000,transmit
309.2144,350000,ack
309.2144,351000,send
309.2144,352000,send
309.2144,353000,send
309.2144,354000,send
309.2144,355000,send
309.2144,356000,send
309.2144,357000,send
309.2144,358000,send
309.2144,359000,send
309.2144,360000,send
309.2144,354000,transmit
309.2152,355000,transmit
309.216,358000,transmit
309.2168,360000,transmit
310.2144,351000,send
310.2144,351000,transmit
311.2144,351000,send
312.2144,351000,send
312.2144,351000,transmit
312.2352,356000,ack
312.2352,357000,send
312.2352,358000,send
312.2352,359000,send
312.2352,360000,send
312.2352,361000,send
312.2352,362000,send
312.2352,363000,send
312.2352,364000,send
312.2352,365000,send
312.2352,366000,send
312.2352,357000,transmit
312.236,359000,transmit
312.2368,363000,transmit
312.2376,364000,transmit
312.2384,366000,transmit
312.256,358000,ack
312.256,367000,send
312.256,368000,send
312.256,368000,transmit
312.2568,360000,ack
312.2568,369000,send
312.2568,370000,send
312.2568,370000,transmit
312.2768,360000,ack
313.2768,361000,send
313.2768,361000,transmit
313.2976,361000,ack
313.2976,362000,send
313.2976,363000,send
313.2976,364000,send
313.2976,365000,send
313.2976,366000,send
313.2976,367000,send
313.2976,368000,send
313.2976,369000,send
313.2976,370000,send
313.2976,371000,send
313.2976,363000,transmit
313.2984,365000,transmit
313.2992,366000,transmit
313.3184,361000,ack
313.3192,361000,ack
314.3192,362000,send
314.3192,362000,transmit
315.3192,362000,send
315.3192,362000,transmit
315.34,366000,ack
315.34,367000,send
315.34,368000,send
315.34,369000,send
315.34,370000,send
315.34,371000,send
315.34,372000,send
315.34,373000,send
315.34,374000,send
315.34,375000,send
315.34,376000,send
315.34,367000,transmit
315.3408,368000,transmit
315.3416,371000,transmit
315.3424,372000,transmit
315.3432,375000,transmit
315.344,376000,transmit
315.3608,368000,ack
315.3608,377000,send
315.3608,378000,send
315.3616,368000,ack
315.3624,368000,ack
315.3632,368000,ack
316.3632,369000,send
317.3632,369000,send
317.3632,369000,transmit
317.384,372000,ack
317.384,373000,send
317.384,374000,send
317.384,375000,send
317.384,376000,send
317.384,377000,send
317.384,378000,send
317.384,379000,send
317.384,380000,send
317.384,381000,send
317.384,382000,send
317.384,374000,transmit
317.3848,375000,transmit
317.3856,378000,transmit
317.4048,372000,ack
317.4064,372000,ack
318.4064,373000,send
318.4064,373000,transmit
319.4064,373000,send
319.4064,373000,transmit
319.4272,376000,ack
319.4272,377000,send
319.4272,378000,send
319.4272,379000,send
319.4272,380000,send
319.4272,381000,send
319.4272,382000,send
319.4272,383000,send
319.4272,384000,send
319.4272,385000,send
319.4272,386000,send
319.4272,377000,transmit
319.428,379000,transmit
319.4288,381000,transmit
319.4296,382000,transmit
319.4304,384000,transmit
319.4312,385000,transmit
319.432,386000,transmit
319.448,378000,ack
319.448,387000,send
319.448,388000,send
319.448,387000,transmit
319.4488,388000,transmit
319.4504,379000,ack
319.4504,389000,send
319.4504,389000,transmit
319.4512,379000,ack
319.4528,379000,ack
320.4528,380000,send
321.4528,380000,send
321.4528,380000,transmit
321.4736,382000,ack
321.4736,383000,send
321.4736,384000,send
321.4736,385000,send
321.4736,386000,send
321.4736,387000,send
321.4736,388000,send
321.4736,389000,send
321.4736,390000,send
321.4736,391000,send
321.4736,392000,send
321.4736,383000,transmit
321.4744,384000,transmit
321.4752,386000,transmit
321.476,390000,transmit
321.4768,391000,transmit
321.4776,392000,transmit
321.4944,389000,ack
321.4944,393000,send
321.4944,394000,send
321.4944,395000,send
321.4944,396000,send
321.4944,397000,send
321.4944,398000,send
321.4944,399000,send
321.4944,393000,transmit
321.4952,389000,ack
321.4952,394000,transmit
321.496,389000,ack
321.496,396000,transmit
321.4968,390000,ack
321.4968,400000,send
321.4968,398000,transmit
321.4976,399000,transmit
321.4984,392000,ack
321.4984,401000,send
321.4984,402000,send
321.4984,401000,transmit
321.4992,402000,transmit
321.5152,393000,ack
321.5152,403000,send
321.5152,403000,transmit
321.516,394000,ack
321.516,404000,send
321.516,404000,transmit
321.5168,394000,ack
321.5184,394000,ack
321.5192,394000,ack
321.5368,394000,ack
322.5368,395000,send
322.5368,395000,transmit
323.5368,395000,send
324.5368,395000,send
324.5368,395000,transmit
325.5368,395000,send
326.5368,395000,send
327.5368,395000,send
327.5368,395000,transmit
327.5576,396000,ack
327.5576,397000,send
327.5576,398000,send
327.5576,399000,send
327.5576,400000,send
327.5576,401000,send
327.5576,402000,send
327.5576,403000,send
327.5576,404000,send
327.5576,405000,send
327.5576,406000,send
327.5576,397000,transmit
327.5584,400000,transmit
327.5592,402000,transmit
327.5784,399000,ack
327.5784,407000,send
327.5784,408000,send
327.5784,409000,send
327.5784,407000,transmit
327.5792,408000,transmit
327.58,404000,ack
327.58,410000,send
327.58,411000,send
327.58,412000,send
327.58,413000,send
327.58,414000,send
327.58,409000,transmit
327.5808,412000,transmit
327.6,404000,ack
327.6008,404000,ack
328.6008,405000,send
328.6008,405000,transmit
329.6008,405000,send
330.6008,405000,send
331.6008,405000,send
332.6008,405000,send
332.6008,405000,transmit
332.6216,405000,ack
332.6216,406000,send
332.6216,407000,send
332.6216,408000,send
332.6216,409000,send
332.6216,410000,send
332.6216,411000,send
332.6216,412000,send
332.6216,413000,send
332.6216,414000,send
332.6216,415000,send
332.6216,406000,transmit
332.6224,407000,transmit
332.6232,409000,transmit
332.624,411000,transmit
332.6248,412000,transmit
332.6256,414000,transmit
332.6264,415000,transmit
332.6456,409000,ack
332.6456,416000,send
332.6456,417000,send
332.6456,418000,send
332.6456,419000,send
332.6456,417000,transmit
332.6464,409000,ack
332.6464,418000,transmit
332.6472,409000,ack
332.6472,419000,transmit
332.6664,409000,ack
333.6664,410000,send
334.6664,410000,send
335.6664,410000,send
335.6664,410000,transmit
335.6872,412000,ack
335.6872,413000,send
335.6872,414000,send
335.6872,415000,send
335.6872,416000,send
335.6872,417000,send
335.6872,418000,send
335.6872,419000,send
335.6872,420000,send
335.6872,421000,send
335.6872,422000,send
335.6872,414000,transmit
335.688,415000,transmit
335.6888,417000,transmit
335.6896,420000,transmit
335.6904,422000,transmit
335.7088,412000,ack
335.7104,412000,ack
336.7104,413000,send
336.7104,413000,transmit
336.7312,415000,ack
336.7312,416000,send
336.7312,417000,send
336.7312,418000,send
336.7312,419000,send
336.7312,420000,send
336.7312,421000,send
336.7312,422000,send
336.7312,423000,send
336.7312,424000,send
336.7312,425000,send
336.7312,419000,transmit
336.732,421000,transmit
336.7328,422000,transmit
336.7336,423000,transmit
336.7344,424000,transmit
336.752,415000,ack
336.7544,415000,ack
336.7552,415000,ack
337.7552,416000,send
337.7552,416000,transmit
338.7552,416000,send
338.7552,416000,transmit
338.776,424000,ack
338.776,425000,send
338.776,426000,send
338.776,427000,send
338.776,428000,send
338.776,429000,send
338.776,430000,send
338.776,431000,send
338.776,432000,send
338.776,433000,send
338.776,434000,send
338.776,425000,transmit
338.7768,427000,transmit
338.7776,428000,transmit
338.7784,431000,transmit
338.7792,434000,transmit
338.8,425000,ack
338.8,435000,send
339.8,426000,send
339.8,426000,transmit
339.8208,428000,ack
339.8208,429000,send
339.8208,430000,send
339.8208,431000,send
339.8208,432000,send
339.8208,433000,send
339.8208,434000,send
339.8208,435000,send
339.8208,436000,send
339.8208,437000,send
339.8208,438000,send
339.8208,429000,transmit
339.8216,433000,transmit
339.8224,435000,transmit
339.8232,436000,transmit
339.824,437000,transmit
339.8416,429000,ack
339.8416,439000,send
339.8432,429000,ack
339.844,429000,ack
340.844,430000,send
341.844,430000,send
341.844,430000,transmit
342.844,430000,send
343.844,430000,send
343.844,430000,transmit
343.8648,431000,ack
343.8648,432000,send
343.8648,433000,send
343.8648,434000,send
343.8648,435000,send
343.8648,436000,send
343.8648,437000,send
343.8648,438000,send
343.8648,439000,send
343.8648,440000,send
343.8648,441000,send
343.8648,433000,transmit
343.8656,434000,transmit
343.8664,435000,transmit
343.8672,437000,transmit
343.8856,431000,ack
343.8872,431000,ack
343.888,431000,ack
344.888,432000,send
345.888,432000,send
346.888,432000,send
347.888,432000,send
347.888,432000,transmit
347.9088,437000,ack
347.9088,438000,send
347.9088,439000,send
347.9088,440000,send
347.9088,441000,send
347.9088,442000,send
347.9088,443000,send
347.9088,444000,send
347.9088,445000,send
347.9088,446000,send
347.9088,447000,send
347.9088,438000,transmit
347.9096,439000,transmit
347.9104,440000,transmit
347.9112,442000,transmit
347.912,443000,transmit
347.9128,444000,transmit
347.9136,447000,transmit
347.9304,439000,ack
347.9304,448000,send
347.9304,449000,send
347.9304,448000,transmit
347.9312,440000,ack
347.9312,450000,send
347.9312,449000,transmit
347.932,440000,ack
347.932,450000,transmit
347.9328,440000,ack
347.9336,440000,ack
347.952,440000,ack
348.952,441000,send
348.952,441000,transmit
348.9728,444000,ack
348.9728,445000,send
348.9728,446000,send
348.9728,447000,send
348.9728,448000,send
348.9728,449000,send
348.9728,450000,send
348.9728,451000,send
348.9728,452000,send
348.9728,453000,send
348.9728,454000,send
348.9728,448000,transmit
348.9736,449000,transmit
348.9744,450000,transmit
348.9752,454000,transmit
348.9952,444000,ack
349.9952,445000,send
349.9952,445000,transmit
350.016,445000,ack
350.016,446000,send
350.016,447000,send
350.016,448000,send
350.016,449000,send
350.016,450000,send
350.016,451000,send
350.016,452000,send
350.016,453000,send
350.016,454000,send
350.016,455000,send
350.016,446000,transmit
350.0168,450000,transmit
350.0176,451000,transmit
350.0184,452000,transmit
350.0192,453000,transmit
350.02,454000,transmit
350.0208,455000,transmit
350.0368,450000,ack
350.0368,456000,send
350.0368,457000,send
350.0368,458000,send
350.0368,459000,send
350.0368,460000,send
350.0368,456000,transmit
350.0376,450000,ack
350.0376,457000,transmit
350.0384,451000,ack
350.0384,461000,send
350.0384,459000,transmit
350.0392,452000,ack
350.0392,462000,send
350.0392,461000,transmit
350.04,462000,transmit
350.0408,454000,ack
350.0408,463000,send
350.0408,464000,send
350.0584,457000,ack
350.0584,465000,send
350.0584,466000,send
350.0584,467000,send
350.0584,465000,transmit
350.0592,457000,ack
350.0792,457000,ack
351.0792,458000,send
352.0792,458000,send
353.0792,458000,send
353.0792,458000,transmit
353.1,459000,ack
353.1,460000,send
353.1,461000,send
353.1,462000,send
353.1,463000,send
353.1,464000,send
353.1,465000,send
353.1,466000,send
353.1,467000,send
353.1,468000,send
353.1,469000,send
353.1,461000,transmit
353.1008,464000,transmit
353.1016,465000,transmit
353.1024,467000,transmit
353.1208,459000,ack
353.1224,459000,ack
354.1224,460000,send
354.1224,460000,transmit
355.1224,460000,send
355.1224,460000,transmit
356.1224,460000,send
356.1224,460000,transmit
357.1224,460000,send
358.1224,460000,send
358.1224,460000,transmit
359.1224,460000,send
360.1224,460000,send
360.1224,460000,transmit
361.1224,460000,send
361.1224,460000,transmit
361.1432,462000,ack
361.1432,463000,send
361.1432,464000,send
361.1432,465000,send
361.1432,466000,send
361.1432,467000,send
361.1432,468000,send
361.1432,469000,send
361.1432,470000,send
361.1432,471000,send
361.1432,472000,send
361.1432,465000,transmit
361.144,466000,transmit
361.1448,467000,transmit
361.1456,468000,transmit
361.1464,470000,transmit
361.1472,472000,transmit
361.1648,462000,ack
361.1664,462000,ack
362.1664,463000,send
363.1664,463000,send
363.1664,463000,transmit
364.1664,463000,send
364.1664,463000,transmit
364.1872,468000,ack
364.1872,469000,send
364.1872,470000,send
364.1872,471000,send
364.1872,472000,send
364.1872,473000,send
364.1872,474000,send
364.1872,475000,send
364.1872,476000,send
364.1872,477000,send
364.1872,478000,send
364.1872,470000,transmit
364.188,472000,transmit
364.1888,473000,transmit
364.1896,474000,transmit
364.1904,475000,transmit
364.1912,476000,transmit
364.192,478000,transmit
364.208,468000,ack
364.2096,468000,ack
364.2128,468000,ack
365.2128,469000,send
365.2128,469000,transmit
366.2128,469000,send
367.2128,469000,send
368.2128,469000,send
369.2128,469000,send
370.2128,469000,send
370.2128,469000,transmit
370.2336,470000,ack
370.2336,471000,send
370.2336,472000,send
370.2336,473000,send
370.2336,474000,send
370.2336,475000,send
370.2336,476000,send
370.2336,477000,send
370.2336,478000,send
370.2336,479000,send
370.2336,480000,send
370.2336,471000,transmit
370.2344,472000,transmit
370.2352,474000,transmit
370.236,479000,transmit
370.2544,476000,ack
370.2544,481000,send
370.2544,482000,send
370.2544,483000,send
370.2544,484000,send
370.2544,485000,send
370.2544,486000,send
370.2544,481000,transmit
370.2552,482000,transmit
370.256,483000,transmit
370.2568,486000,transmit
370.2752,476000,ack
370.276,476000,ack
370.2776,476000,ack
371.2776,477000,send
371.2776,477000,transmit
372.2776,477000,send
372.2776,477000,transmit
373.2776,477000,send
374.2776,477000,send
375.2776,477000,send
376.2776,477000,send
377.2776,477000,send
377.2776,477000,transmit
377.2984,479000,ack
377.2984,480000,send
377.2984,481000,send
377.2984,482000,send
377.2984,483000,send
377.2984,484000,send
377.2984,485000,send
377.2984,486000,send
377.2984,487000,send
377.2984,488000,send
377.2984,489000,send
377.2984,480000,transmit
377.2992,481000,transmit
377.3,482000,transmit
377.3008,483000,transmit
377.3016,485000,transmit
377.3024,486000,transmit
377.32,483000,ack
377.32,490000,send
377.32,491000,send
377.32,492000,send
377.32,493000,send
377.32,490000,transmit
377.3216,483000,ack
377.3232,483000,ack
377.3408,483000,ack
378.3408,484000,send
379.3408,484000,send
379.3408,484000,transmit
380.3408,484000,send
381.3408,484000,send
382.3408,484000,send
383.3408,484000,send
384.3408,484000,send
385.3408,484000,send
385.3408,484000,transmit
385.3616,486000,ack
385.3616,487000,send
385.3616,488000,send
385.3616,489000,send
385.3616,490000,send
385.3616,491000,send
385.3616,492000,send
385.3616,493000,send
385.3616,494000,send
385.3616,495000,send
385.3616,496000,send
385.3616,487000,transmit
385.3624,489000,transmit
385.3632,494000,transmit
385.364,496000,transmit
386.3616,487000,send
387.3616,487000,send
388.3616,487000,send
388.3616,487000,transmit
389.3616,487000,send
390.3616,487000,send
390.3616,487000,transmit
391.3616,487000,send
391.3616,487000,transmit
392.3616,487000,send
392.3616,487000,transmit
392.3824,487000,ack
392.3824,488000,send
392.3824,489000,send
392.3824,490000,send
392.3824,491000,send
392.3824,492000,send
392.3824,493000,send
392.3824,494000,send
392.3824,495000,send
392.3824,496000,send
392.3824,497000,send
392.3824,490000,transmit
392.3832,492000,transmit
392.384,495000,transmit
392.3848,496000,transmit
392.3856,497000,transmit
392.4032,487000,ack
392.404,487000,ack
392.4048,487000,ack
392.4064,487000,ack
393.4064,488000,send
393.4064,488000,transmit
394.4064,488000,send
395.4064,488000,send
395.4064,488000,transmit
396.4064,488000,send
397.4064,488000,send
397.4064,488000,transmit
397.4272,490000,ack
397.4272,491000,send
397.4272,492000,send
397.4272,493000,send
397.4272,494000,send
397.4272,495000,send
397.4272,496000,send
397.4272,497000,send
397.4272,498000,send
397.4272,499000,send
397.4272,500000,send
397.4272,491000,transmit
397.428,492000,transmit
397.4288,493000,transmit
397.4296,494000,transmit
397.4304,495000,transmit
397.4312,498000,transmit
397.432,500000,transmit
397.4496,497000,ack
397.4496,501000,send
397.4496,502000,send
397.4496,503000,send
397.4496,504000,send
397.4496,505000,send
397.4496,506000,send
397.4496,507000,send
397.4496,501000,transmit
397.4504,502000,transmit
397.4512,497000,ack
397.4512,503000,transmit
398.4512,498000,send
398.4512,498000,transmit
399.4512,498000,send
399.4512,498000,transmit
400.4512,498000,send
401.4512,498000,send
402.4512,498000,send
403.4512,498000,send
404.4512,498000,send
404.4512,498000,transmit
404.472,498000,ack
404.472,499000,send
404.472,500000,send
404.472,501000,send
404.472,502000,send
404.472,503000,send
404.472,504000,send
404.472,505000,send
404.472,506000,send
404.472,507000,send
404.472,508000,send
404.472,499000,transmit
404.4728,506000,transmit
404.4736,507000,transmit
404.4744,508000,transmit
404.4936,503000,ack
404.4936,509000,send
404.4936,510000,send
404.4936,511000,send
404.4936,512000,send
404.4936,513000,send
404.4936,509000,transmit
404.4944,511000,transmit
404.4952,512000,transmit
405.4936,504000,send
406.4936,504000,send
406.4936,504000,transmit
406.5144,504000,ack
406.5144,505000,send
406.5144,506000,send
406.5144,507000,send
406.5144,508000,send
406.5144,509000,send
406.5144,510000,send
406.5144,511000,send
406.5144,512000,send
406.5144,513000,send
406.5144,514000,send
406.5144,505000,transmit
406.5152,507000,transmit
406.516,510000,transmit
406.5168,512000,transmit
406.5176,513000,transmit
406.5352,509000,ack
406.5368,512000,ack
407.5368,513000,send
407.5368,513000,transmit
407.5576,513000,ack
407.5576,514000,send
408.5576,514000,send
408.5576,514000,transmit
408.578016,513520,ack
